{
	"sigma_threshold": 5.0,
	"ra": {
		"range":   0.000500,
		"invert": true,
		"pid_p": 0.0000050,
		"pid_i": 0.0000005,
		"pid_d": 0.0000200
	},
	"dec": {
		"range":  0.000500,
		"invert": true,
		"pid_p": 0.00001,
		"pid_i": 0.0,
		"pid_d": 0.0
	}
}
